Datetime,Water Level (m)
2025-04-05 12:00:00,-0.07623037
2025-04-05 13:00:00,-0.046213634
2025-04-05 14:00:00,-0.018642271
2025-04-05 15:00:00,0.004434458
2025-04-05 16:00:00,0.017764086
2025-04-05 17:00:00,0.01774494
2025-04-05 18:00:00,0.009087674
2025-04-05 19:00:00,-0.005237892
2025-04-05 20:00:00,-0.021622391
2025-04-05 21:00:00,-0.040357582
2025-04-05 22:00:00,-0.059788026
2025-04-05 23:00:00,-0.07632076
2025-04-06 00:00:00,-0.07647228
2025-04-06 01:00:00,-0.060038175
2025-04-06 02:00:00,-0.044022217
2025-04-06 03:00:00,-0.033905357
2025-04-06 04:00:00,-0.03309617
2025-04-06 05:00:00,-0.043786284
2025-04-06 06:00:00,-0.058865145
2025-04-06 07:00:00,-0.07636652
2025-04-06 08:00:00,-0.09586125
2025-04-06 09:00:00,-0.1172989
2025-04-06 10:00:00,-0.13706169
2025-04-06 11:00:00,-0.14908919
2025-04-06 12:00:00,-0.14357567
2025-04-06 13:00:00,-0.12553826
2025-04-06 14:00:00,-0.099484675
2025-04-06 15:00:00,-0.071087696
2025-04-06 16:00:00,-0.044351235
2025-04-06 17:00:00,-0.02273464
2025-04-06 18:00:00,-0.012541494
2025-04-06 19:00:00,-0.01640348
2025-04-06 20:00:00,-0.028297266
2025-04-06 21:00:00,-0.044882793
2025-04-06 22:00:00,-0.06133897
2025-04-06 23:00:00,-0.08075329
2025-04-07 00:00:00,-0.0988466
2025-04-07 01:00:00,-0.113214485
2025-04-07 02:00:00,-0.10946012
2025-04-07 03:00:00,-0.09270333
2025-04-07 04:00:00,-0.07479451
2025-04-07 05:00:00,-0.060987674
2025-04-07 06:00:00,-0.052989706
2025-04-07 07:00:00,-0.055164833
2025-04-07 08:00:00,-0.06731923
2025-04-07 09:00:00,-0.08448137
2025-04-07 10:00:00,-0.1071435
2025-04-07 11:00:00,-0.13028446
2025-04-07 12:00:00,-0.14646259
2025-04-07 13:00:00,-0.15632999
2025-04-07 14:00:00,-0.14398292
2025-04-07 15:00:00,-0.117271274
2025-04-07 16:00:00,-0.08326174
2025-04-07 17:00:00,-0.049553633
2025-04-07 18:00:00,-0.02073596
2025-04-07 19:00:00,-0.002149179
2025-04-07 20:00:00,-0.0019541902
2025-04-07 21:00:00,-0.010501422
2025-04-07 22:00:00,-0.025534028
2025-04-07 23:00:00,-0.042691257
2025-04-08 00:00:00,-0.060787953
2025-04-08 01:00:00,-0.080018714
2025-04-08 02:00:00,-0.095361166
2025-04-08 03:00:00,-0.090863936
2025-04-08 04:00:00,-0.06579822
2025-04-08 05:00:00,-0.036362246
2025-04-08 06:00:00,-0.0103460625
2025-04-08 07:00:00,0.008506191
2025-04-08 08:00:00,0.011439134
2025-04-08 09:00:00,-0.0005571136
2025-04-08 10:00:00,-0.017581938
2025-04-08 11:00:00,-0.036507495
2025-04-08 12:00:00,-0.055186562
2025-04-08 13:00:00,-0.07552912
2025-04-08 14:00:00,-0.09055441
2025-04-08 15:00:00,-0.084379524
2025-04-08 16:00:00,-0.05566409
2025-04-08 17:00:00,-0.018636608
2025-04-08 18:00:00,0.017361172
2025-04-08 19:00:00,0.047856998
2025-04-08 20:00:00,0.06351511
2025-04-08 21:00:00,0.059402294
2025-04-08 22:00:00,0.04463747
2025-04-08 23:00:00,0.025627064
2025-04-09 00:00:00,0.004441347
2025-04-09 01:00:00,-0.017983153
2025-04-09 02:00:00,-0.041947663
2025-04-09 03:00:00,-0.06272101
2025-04-09 04:00:00,-0.056815945
2025-04-09 05:00:00,-0.028067088
2025-04-09 06:00:00,0.0051926193
2025-04-09 07:00:00,0.034329824
2025-04-09 08:00:00,0.055166744
2025-04-09 09:00:00,0.056119885
2025-04-09 10:00:00,0.043936994
2025-04-09 11:00:00,0.021142516
2025-04-09 12:00:00,-0.000358773
2025-04-09 13:00:00,-0.024940453
2025-04-09 14:00:00,-0.04877335
2025-04-09 15:00:00,-0.068897165
2025-04-09 16:00:00,-0.060507663
2025-04-09 17:00:00,-0.026602294
2025-04-09 18:00:00,0.0141473105
2025-04-09 19:00:00,0.05200995
2025-04-09 20:00:00,0.08135131
2025-04-09 21:00:00,0.09107202
2025-04-09 22:00:00,0.08166793
2025-04-09 23:00:00,0.06423228
2025-04-10 00:00:00,0.043534193
2025-04-10 01:00:00,0.020756995
2025-04-10 02:00:00,-0.003931563
2025-04-10 03:00:00,-0.029490659
2025-04-10 04:00:00,-0.04728376
2025-04-10 05:00:00,-0.026359176
2025-04-10 06:00:00,0.012314582
2025-04-10 07:00:00,0.051135793
2025-04-10 08:00:00,0.083934024
2025-04-10 09:00:00,0.10228008
2025-04-10 10:00:00,0.09758889
2025-04-10 11:00:00,0.08168834
2025-04-10 12:00:00,0.06236438
2025-04-10 13:00:00,0.038687084
2025-04-10 14:00:00,0.015224618
2025-04-10 15:00:00,-0.010256371
2025-04-10 16:00:00,-0.025647016
2025-04-10 17:00:00,-0.001123757
2025-04-10 18:00:00,0.043363985
2025-04-10 19:00:00,0.087741084
2025-04-10 20:00:00,0.12510338
2025-04-10 21:00:00,0.14831379
2025-04-10 22:00:00,0.14723574
2025-04-10 23:00:00,0.13317505
2025-04-11 00:00:00,0.113122836
2025-04-11 01:00:00,0.090587616
2025-04-11 02:00:00,0.06634802
2025-04-11 03:00:00,0.039956808
2025-04-11 04:00:00,0.016190482
2025-04-11 05:00:00,0.023302076
2025-04-11 06:00:00,0.063889965
2025-04-11 07:00:00,0.10735357
2025-04-11 08:00:00,0.14752138
2025-04-11 09:00:00,0.1756848
2025-04-11 10:00:00,0.18383464
2025-04-11 11:00:00,0.17272627
2025-04-11 12:00:00,0.151694
